{
  "xsappname": "spring-security-xsuaa-usage",
  "oauth2-configuration": {
    "credential-types": ["x509"]
  },
  "tenant-mode": "dedicated",
  "scopes": [
    {
      "name": "$XSAPPNAME.Read",
      "description": "Read Permissions."
    },
    {
      "name": "$XSAPPNAME.Admin",
      "description": "Admin permissions."
    }
  ],
  "role-templates": [
    {
      "name": "Viewer",
      "description": "View Data",
      "scope-references": [
        "$XSAPPNAME.Read",
        "uaa.user"
      ]
    },
    {
      "name": "Administrator",
      "description": "View Sensitive Data",
      "scope-references": [
        "$XSAPPNAME.Read",
        "$XSAPPNAME.Admin"
      ]
    }
  ],
  "role-collections": [
    {
      "name": "Viewer",
      "description": "Viewer (read)",
      "role-template-references": [
        "$XSAPPNAME.Viewer"
      ]
    },
    {
      "name": "Administrator",
      "description": "Administrator (read all)",
      "role-template-references": [
        "$XSAPPNAME.Administrator"
      ]
    }
  ]
}  
