{
	"xsappname": "spring-security-basic-auth",
	"tenant-mode": "dedicated",
	"scopes": 
	[
		{
			"name": "$XSAPPNAME.Display",
			"description": "With this scope, information can be read."
		}
	],

	"role-templates": 
	[
		{
			"name": "AccessRole",
			"description": "Role to call the spring-security-basic-auth service",
			"scope-references": 
			[
				"$XSAPPNAME.Display"
			]
		}
	],
	"role-collections": [
		{
			"name": "BASIC_AUTH_API_Viewer",
			"description": "Viewer (read)",
			"role-template-references": [
				"$XSAPPNAME.AccessRole"
			]
		}
	]
}  
