{
  "welcomeFile": "index.html",
  "authenticationMethod": "route",
  "routes": [
    {
      "source": "^/v1",
      "target": "/v1",
      "destination": "token-destination",
      "authenticationType": "xsuaa"
    },
    {
      "source": "^/v2",
      "target": "/v2",
      "destination": "token-destination",
      "authenticationType": "xsuaa"
    },
    {
      "source": "^/v3",
      "target": "/v3",
      "destination": "token-destination",
      "authenticationType": "xsuaa"
    }
  ]
}
