{
	"xsappname": "sap-java-buildpack-api-usage",
	"tenant-mode": "dedicated",
	"scopes":
	[{
		"name": "$XSAPPNAME.Display",
		"description": "With this scope, information can be read."
	}
	],

	"role-templates":
	[{
		"name": "AccessRole",
		"description": "Role to call the sap-java-buildpack-api-usage service",
		"scope-references":
		[
			"$XSAPPNAME.Display"
		]
	}
	],
	"role-collections": [{
		"name": "Buildpack_API_Viewer",
		"description": "Role Collection to call the sap-java-buildpack-api-usage service",
		"role-template-references": [
			"$XSAPPNAME.AccessRole"
		]
	}
	]
}
