{
  "xsappname": "java-security-usage",
  "tenant-mode": "dedicated",
  "scopes": [
    {
      "name": "$XSAPPNAME.Read",
      "description": "Read Permissions."
    }
  ],
  "role-templates": [
    {
      "name": "Viewer",
      "description": "View Data",
      "scope-references": [
        "$XSAPPNAME.Read"
      ]
    }
  ],
  "role-collections": [
    {
      "name": "JAVA_SECURITY_SAMPLE_Viewer",
      "description": "Viewer (read)",
      "role-template-references": [
        "$XSAPPNAME.Viewer"
      ]
    }
  ]
}
